[
  {
    "name": "#1",
    "url": "https://files.catbox.moe/5eg9o7.opus"
  },
  {
    "name": "puter ke kiri",
    "url": "https://files.catbox.moe/oyx3fa.opus"
  },
  {
    "name": "masih di peluk setan",
    "url": "https://files.catbox.moe/no8mto.opus"
  },
  {
    "name": "3",
    "url": "https://files.catbox.moe/juud1k.opus"
  },
  {
    "name": "yu never be alon🗿",
    "url": "https://files.catbox.moe/haq7pg.opus"
  },
  {
    "name": "nanana",
    "url": "https://files.catbox.moe/1zs08j.opus"
  },
  {
    "name": "pota pota",
    "url": "https://files.catbox.moe/56caf9.opus"
  },
  {
    "name": "5",
    "url": "https://files.catbox.moe/nntrh0.opus"
  },
  {
    "name": "tie me down",
    "url": "https://files.catbox.moe/8nq0l5.mp3"
  },
  {
    "name": "di tinggal bang dika",
    "url": "https://files.catbox.moe/1hu6wc.mp3"
  },
  {
    "name": "sweet love",
    "url": "https://files.catbox.moe/4zxuxg.opus"
  },
  {
    "name": "Sweet Love2",
    "url": "https://files.catbox.moe/ikj8p8.opus"
  },
  {
    "name": "pz",
    "url": "https://files.catbox.moe/tlu0ay.opus"
  },
  {
    "name": "swidd lopee",
    "url": "https://files.catbox.moe/vg20dc.opus"
  },
  {
    "name": "pz2",
    "url": "https://files.catbox.moe/qiqrut.opus"
  },
  {
    "name": "sekarang hingga nanti kita tua",
    "url": "https://files.catbox.moe/lubq5f.mp3"
  },
  {
    "name": "kemanakah dirimu🗿",
    "url": "https://files.catbox.moe/fl76cr.opus"
  }
]